Паркет,Олимп Паркета,+74952415385,"Нахимовский просп., 24, стр. 5, Москва",4.7,https://olimp-parketa.ru
Напольные покрытия,Олимп Паркета,+74952415385,"Нахимовский просп., 24, стр. 1, Москва • подъезд 1",4.7,https://olimp-parketa.ru
Торговые центры,ЦДиИ Экспострой,+74951189157,"Нахимовский просп., 24, стр. 1, Москва • этаж 1",4.7,https://www.expostroy.ru
Напольные покрытия,Coswick Parket,+74992834585,"Нахимовский просп., 24, стр. 9, Москва",4.0,https://coswick-parket.ru
Напольные покрытия,Экопаркет,+79011478057,"Нахимовский просп., 24, стр. 1, Москва • помещение 169, этаж 1",3.8,https://eco-parket.ru
Напольные покрытия,Олимп Паркета,+74952415385,"Нахимовский просп., 24, стр. 1, Москва • блок 10e, павильон 3, этаж 1, место 143/179",3.8,https://olimp-parketa.ru
Напольные покрытия,Барон паркет,+79660160111,"Нахимовский просп., 24, стр. 1, Москва • подъезд 1",3.8,https://baron-parket.ru
Напольные покрытия,Паркет Pro,+79779502424,"Нахимовский просп., 24, стр. 9, Москва • стенд 203, павильон 3, этаж 1",4.2,https://parquet-pro.ru
Паркет,Олимп паркета,+74951543908,"Нахимовский просп., 24, стр. 1, Москва • помещение 528/1, этаж 2",4.3,https://olimp-parketa.ru
Напольные покрытия,Академия паркета,+74952751550,"Нахимовский просп., 24, стр. 1, Москва • помещение 166, 167, 168, этаж 1",4.3,https://academyparketa.ru
Паркет,Олимп паркета,+74952415385,"Нахимовский просп., 24, стр. 1, Москва • блок 5b, павильон 2, этаж 1, место 166-169",0,https://olimp-parketa.ru
Напольные покрытия,Токарев паркет,+79851784777,"Нахимовский просп., 24, стр. 1, Москва • подъезд 1",4.7,https://tokarev-parket.clients.site
Паркет,Life Паркет,+74952261607,"Нахимовский просп., 24, стр. 1, Москва • зал №3, стенд №358, этаж 1",4.7,https://lifeparket.ru
Паркет,ПаркетАрт,+79285801100,"Нахимовский просп., 24, стр. 1, Москва • стенд 151, подъезд 1, павильон 2, вход 1, этаж 1",4.5,https://www.parkets.ru
Паркет,Киреевская паркетная фабрика,+74954764526,"Нахимовский просп., 24, стр. 1, Москва • подъезд 1",4.7,https://parket-factory.ru
Ламинат,Мир ламината,+74952291454,"Нахимовский просп., 24, стр. 1, Москва • шоурум 51, 89, вход 2, этаж 1",4.5,https://www.mirlaminata.ru
Напольные покрытия,Ekzofloor,+74951346767,"Нахимовский просп., 24, стр. 1, Москва • Cектор 1В, стенд 156, /Cектор 26D, стенд 411, /Cектор 30D, стенд 475, павильон 2, павильон 3, павильон 3",3.5,https://www.ekzofloor.ru
Напольные покрытия,Трэйд Форэст,+79163158278,"Нахимовский просп., 24, стр. 1, Москва • помещение 87, этаж 1",3.8,https://tradeforest.ru
Напольные покрытия,Салон пробковых покрытий Viscork,+74997833391,"Нахимовский просп., 24, стр. 1, Москва • подъезд 1",3.9,
Напольные покрытия,Vintage,+74951208151,"Нахимовский просп., 24, стр. 1, Москва • стенд 55, стенд 431, павильон 3, павильон 2",4.3,https://vintage-v.ru
Напольные покрытия,Собрание паркета,no phone,"Нахимовский просп., 24, стр. 1, Москва • подъезд 1",4.7,
Напольные покрытия,Lab Arte,88002227639,"Нахимовский просп., 24, стр. 1, Москва • подъезд 1, павильон 2, вход 1, место 46, 50, этаж 1",3.8,https://lab-arte.ru
Напольные покрытия,Мастер Паркет,+74951165065,"Нахимовский просп., 24, стр. 1, Москва • подъезд 1",4.3,https://masterparkett.ru
Напольные покрытия,Олимп Паркета,88007077966доб.578,"Нахимовский просп., 24, стр. 1, Москва • павильон 3, этаж 1, место 461/462",4.7,https://olimp-parketa.ru
Напольные покрытия,Паркет экспо,+74958033437,"Нахимовский просп., 24, стр. 1, Москва • подъезд 1, стенд 498, вход 1, павильон 3, этаж 1",4.4,https://www.parketexpo.ru
